{
  "Random_Forest": 0.859044971014192,
  "XGBoost": 0.8835442816099998,
  "LightGBM": 0.43856420446037087,
  "CatBoost": 0.8717358151887795,
  "Voting_Ensemble": 0.8413616261581337,
  "Weighted_Ensemble": 0.8558938811930432,
  "Max_Ensemble": 0.44011849004961123,
  "Stacking_Proper": 0.8485730611681072,
  "Rank_Average": 0.8459004243763881,
  "Top2_Blend": 0.8802845728455072
}